sr,rr,t,lm,bo,rem,sr,hr,sl
93.80,25.68,91.84,16.60,89.84,99.60,1.84,74.20,3
91.64,25.10,91.55,15.88,89.55,98.88,1.55,72.76,3
60.00,20.00,96.00,10.00,95.00,85.00,7.00,60.00,1
85.76,23.54,90.77,13.92,88.77,96.92,0.77,68.84,3
48.12,17.25,97.87,6.50,96.25,72.48,8.25,53.12,0
56.88,19.38,95.38,9.38,94.06,83.44,6.38,58.44,1
47.00,16.80,97.20,5.60,95.80,68.00,7.80,52.00,0
50.00,18.00,99.00,8.00,97.00,80.00,9.00,55.00,0
45.28,16.11,96.17,4.22,95.11,61.12,7.11,50.28,0
55.52,19.10,95.10,9.10,93.66,82.76,6.10,57.76,1
73.44,21.34,93.34,11.34,91.34,91.72,4.02,63.36,2
59.28,19.86,95.86,9.86,94.78,84.64,6.86,59.64,1
48.60,17.44,98.16,6.88,96.44,74.40,8.44,53.60,0
96.29,26.29,85.36,17.14,82.43,100.36,0.00,75.72,4
87.80,24.08,91.04,14.60,89.04,97.60,1.04,70.20,3
52.32,18.46,94.46,8.46,92.70,81.16,5.46,56.16,1
52.64,18.53,94.53,8.53,92.79,81.32,5.53,56.32,1
86.24,23.66,90.83,14.08,88.83,97.08,0.83,69.16,3
81.56,22.42,90.21,12.52,88.21,95.52,0.21,66.04,3
63.68,20.37,92.37,10.37,90.37,86.84,2.55,60.92,2
77.60,21.76,93.76,11.76,91.76,93.80,4.64,64.40,2
77.28,21.73,93.73,11.73,91.73,93.64,4.59,64.32,2
69.76,20.98,92.98,10.98,90.98,89.88,3.46,62.44,2
88.04,24.14,91.07,14.68,89.07,97.68,1.07,70.36,3
89.96,24.66,91.33,15.32,89.33,98.32,1.33,71.64,3
53.68,18.74,94.74,8.74,93.10,81.84,5.74,56.84,1
78.56,21.86,93.86,11.86,91.86,94.28,4.78,64.64,2
50.96,18.19,94.19,8.19,92.29,80.48,5.19,55.48,1
94.76,25.94,91.97,16.92,89.97,99.92,1.97,74.84,3
62.08,20.21,92.21,10.21,90.21,86.04,2.31,60.52,2
49.12,17.65,98.47,7.30,96.65,76.48,8.65,54.12,0
96.26,26.26,85.32,17.13,82.38,100.32,0.00,75.64,4
47.68,17.07,97.61,6.14,96.07,70.72,8.07,52.68,0
99.90,29.90,89.88,18.95,87.86,104.88,0.00,84.76,4
60.00,20.00,92.00,10.00,90.00,85.00,2.00,60.00,2
86.72,23.79,90.90,14.24,88.90,97.24,0.90,69.48,3
48.48,17.39,98.09,6.78,96.39,73.92,8.39,53.48,0
98.53,28.53,88.16,18.26,85.79,103.16,0.00,81.32,4
46.12,16.45,96.67,4.90,95.45,64.48,7.45,51.12,0
98.72,28.72,88.40,18.36,86.08,103.40,0.00,81.80,4
60.96,20.10,92.10,10.10,90.10,85.48,2.14,60.24,2
65.60,20.56,92.56,10.56,90.56,87.80,2.84,61.40,2
75.36,21.54,93.54,11.54,91.54,92.68,4.30,63.84,2
49.28,17.71,98.57,7.42,96.71,77.12,8.71,54.28,0
73.28,21.33,93.33,11.33,91.33,91.64,3.99,63.32,2
98.91,28.91,88.64,18.46,86.37,103.64,0.00,82.28,4
62.88,20.29,92.29,10.29,90.29,86.44,2.43,60.72,2
97.66,27.66,87.08,17.83,84.50,102.08,0.00,79.16,4
56.72,19.34,95.34,9.34,94.02,83.36,6.34,58.36,1
96.58,26.58,85.72,17.29,82.86,100.72,0.00,76.44,4
49.60,17.84,98.76,7.68,96.84,78.40,8.84,54.60,0
53.60,18.72,94.72,8.72,93.08,81.80,5.72,56.80,1
93.20,25.52,91.76,16.40,89.76,99.40,1.76,73.80,3
46.84,16.74,97.10,5.47,95.74,67.36,7.74,51.84,0
56.08,19.22,95.22,9.22,93.82,83.04,6.22,58.04,1
75.68,21.57,93.57,11.57,91.57,92.84,4.35,63.92,2
97.54,27.54,86.92,17.77,84.30,101.92,0.00,78.84,4
92.84,25.42,91.71,16.28,89.71,99.28,1.71,73.56,3
87.56,24.02,91.01,14.52,89.01,97.52,1.01,70.04,3
58.48,19.70,95.70,9.70,94.54,84.24,6.70,59.24,1
98.34,28.34,87.92,18.17,85.50,102.92,0.00,80.84,4
81.08,22.29,90.14,12.36,88.14,95.36,0.14,65.72,3
46.60,16.64,96.96,5.28,95.64,66.40,7.64,51.60,0
61.60,20.16,92.16,10.16,90.16,85.80,2.24,60.40,2
96.45,26.45,85.56,17.22,82.67,100.56,0.00,76.12,4
50.24,18.05,94.05,8.05,92.07,80.12,5.05,55.12,1
49.92,17.97,98.95,7.94,96.97,79.68,8.97,54.92,0
60.48,20.05,92.05,10.05,90.05,85.24,2.07,60.12,2
99.14,29.14,88.92,18.57,86.70,103.92,0.00,82.84,4
48.28,17.31,97.97,6.62,96.31,73.12,8.31,53.28,0
50.48,18.10,94.10,8.10,92.14,80.24,5.10,55.24,1
96.19,26.19,85.24,17.10,82.29,100.24,0.00,75.48,4
57.68,19.54,95.54,9.54,94.30,83.84,6.54,58.84,1
45.16,16.06,96.10,4.13,95.06,60.64,7.06,50.16,0
48.68,17.47,98.21,6.94,96.47,74.72,8.47,53.68,0
98.02,28.02,87.52,18.01,85.02,102.52,0.00,80.04,4
96.80,26.80,86.00,17.40,83.20,101.00,0.00,77.00,4
56.48,19.30,95.30,9.30,93.94,83.24,6.30,58.24,1
90.08,24.69,91.34,15.36,89.34,98.36,1.34,71.72,3
96.00,26.00,85.00,17.00,82.00,100.00,0.00,75.00,4
50.64,18.13,94.13,8.13,92.19,80.32,5.13,55.32,1
50.56,18.11,94.11,8.11,92.17,80.28,5.11,55.28,1
53.92,18.78,94.78,8.78,93.18,81.96,5.78,56.96,1
96.67,26.67,85.84,17.34,83.01,100.84,0.00,76.68,4
68.32,20.83,92.83,10.83,90.83,89.16,3.25,62.08,2
54.88,18.98,94.98,8.98,93.46,82.44,5.98,57.44,1
52.40,18.48,94.48,8.48,92.72,81.20,5.48,56.20,1
51.60,18.32,94.32,8.32,92.48,80.80,5.32,55.80,1
92.48,25.33,91.66,16.16,89.66,99.16,1.66,73.32,3
98.24,28.24,87.80,18.12,85.36,102.80,0.00,80.60,4
65.12,20.51,92.51,10.51,90.51,87.56,2.77,61.28,2
86.60,23.76,90.88,14.20,88.88,97.20,0.88,69.40,3
68.00,20.80,92.80,10.80,90.80,89.00,3.20,62.00,2
99.81,29.81,89.76,18.90,87.71,104.76,0.00,84.52,4
45.20,16.08,96.12,4.16,95.08,60.80,7.08,50.20,0
63.20,20.32,92.32,10.32,90.32,86.60,2.48,60.80,2
98.27,28.27,87.84,18.14,85.41,102.84,0.00,80.68,4
75.20,21.52,93.52,11.52,91.52,92.60,4.28,63.80,2
76.96,21.70,93.70,11.70,91.70,93.48,4.54,64.24,2
80.00,22.00,90.00,12.00,88.00,95.00,0.00,65.00,3
99.62,29.62,89.52,18.81,87.42,104.52,0.00,84.04,4
97.22,27.22,86.52,17.61,83.82,101.52,0.00,78.04,4
45.04,16.02,96.02,4.03,95.02,60.16,7.02,50.04,0
97.38,27.38,86.72,17.69,84.06,101.72,0.00,78.44,4
53.52,18.70,94.70,8.70,93.06,81.76,5.70,56.76,1
61.44,20.14,92.14,10.14,90.14,85.72,2.22,60.36,2
62.24,20.22,92.22,10.22,90.22,86.12,2.34,60.56,2
79.20,21.92,93.92,11.92,91.92,94.60,4.88,64.80,2
96.96,26.96,86.20,17.48,83.44,101.20,0.00,77.40,4
54.40,18.88,94.88,8.88,93.32,82.20,5.88,57.20,1
68.96,20.90,92.90,10.90,90.90,89.48,3.34,62.24,2
96.61,26.61,85.76,17.30,82.91,100.76,0.00,76.52,4
47.44,16.98,97.46,5.95,95.98,69.76,7.98,52.44,0
90.56,24.82,91.41,15.52,89.41,98.52,1.41,72.04,3
66.88,20.69,92.69,10.69,90.69,88.44,3.03,61.72,2
97.92,27.92,87.40,17.96,84.88,102.40,0.00,79.80,4
68.64,20.86,92.86,10.86,90.86,89.32,3.30,62.16,2
76.00,21.60,93.60,11.60,91.60,93.00,4.40,64.00,2
49.52,17.81,98.71,7.62,96.81,78.08,8.81,54.52,0
54.96,18.99,94.99,8.99,93.49,82.48,5.99,57.48,1
55.28,19.06,95.06,9.06,93.58,82.64,6.06,57.64,1
90.32,24.75,91.38,15.44,89.38,98.44,1.38,71.88,3
97.31,27.31,86.64,17.66,83.97,101.64,0.00,78.28,4
58.08,19.62,95.62,9.62,94.42,84.04,6.62,59.04,1
83.60,22.96,90.48,13.20,88.48,96.20,0.48,67.40,3
98.11,28.11,87.64,18.06,85.17,102.64,0.00,80.28,4
98.21,28.21,87.76,18.10,85.31,102.76,0.00,80.52,4
65.76,20.58,92.58,10.58,90.58,87.88,2.86,61.44,2
57.20,19.44,95.44,9.44,94.16,83.60,6.44,58.60,1
97.57,27.57,86.96,17.78,84.35,101.96,0.00,78.92,4
68.80,20.88,92.88,10.88,90.88,89.40,3.32,62.20,2
47.80,17.12,97.68,6.24,96.12,71.20,8.12,52.80,0
97.18,27.18,86.48,17.59,83.78,101.48,0.00,77.96,4
92.72,25.39,91.70,16.24,89.70,99.24,1.70,73.48,3
59.68,19.94,95.94,9.94,94.90,84.84,6.94,59.84,1
48.56,17.42,98.14,6.85,96.42,74.24,8.42,53.56,0
48.36,17.34,98.02,6.69,96.34,73.44,8.34,53.36,0
78.08,21.81,93.81,11.81,91.81,94.04,4.71,64.52,2
96.74,26.74,85.92,17.37,83.10,100.92,0.00,76.84,4
47.72,17.09,97.63,6.18,96.09,70.88,8.09,52.72,0
71.36,21.14,93.14,11.14,91.14,90.68,3.70,62.84,2
81.44,22.38,90.19,12.48,88.19,95.48,0.19,65.96,3
78.40,21.84,93.84,11.84,91.84,94.20,4.76,64.60,2
49.32,17.73,98.59,7.46,96.73,77.28,8.73,54.32,0
68.48,20.85,92.85,10.85,90.85,89.24,3.27,62.12,2
46.92,16.77,97.15,5.54,95.77,67.68,7.77,51.92,0
48.76,17.50,98.26,7.01,96.50,75.04,8.50,53.76,0
45.08,16.03,96.05,4.06,95.03,60.32,7.03,50.08,0
45.12,16.05,96.07,4.10,95.05,60.48,7.05,50.12,0
50.32,18.06,94.06,8.06,92.10,80.16,5.06,55.16,1
88.52,24.27,91.14,14.84,89.14,97.84,1.14,70.68,3
47.88,17.15,97.73,6.30,96.15,71.52,8.15,52.88,0
96.86,26.86,86.08,17.43,83.30,101.08,0.00,77.16,4
96.10,26.10,85.12,17.05,82.14,100.12,0.00,75.24,4
49.00,17.60,98.40,7.20,96.60,76.00,8.60,54.00,0
64.64,20.46,92.46,10.46,90.46,87.32,2.70,61.16,2
93.32,25.55,91.78,16.44,89.78,99.44,1.78,73.88,3
74.56,21.46,93.46,11.46,91.46,92.28,4.18,63.64,2
96.32,26.32,85.40,17.16,82.48,100.40,0.00,75.80,4
98.78,28.78,88.48,18.39,86.18,103.48,0.00,81.96,4
98.88,28.88,88.60,18.44,86.32,103.60,0.00,82.20,4
70.56,21.06,93.06,11.06,91.06,90.28,3.58,62.64,2
55.76,19.15,95.15,9.15,93.73,82.88,6.15,57.88,1
66.08,20.61,92.61,10.61,90.61,88.04,2.91,61.52,2
99.39,29.39,89.24,18.70,87.09,104.24,0.00,83.48,4
76.80,21.68,93.68,11.68,91.68,93.40,4.52,64.20,2
46.80,16.72,97.08,5.44,95.72,67.20,7.72,51.80,0
47.28,16.91,97.37,5.82,95.91,69.12,7.91,52.28,0
99.78,29.78,89.72,18.89,87.66,104.72,0.00,84.44,4
100.00,30.00,90.00,19.00,88.00,105.00,0.00,85.00,4
59.60,19.92,95.92,9.92,94.88,84.80,6.92,59.80,1
74.72,21.47,93.47,11.47,91.47,92.36,4.21,63.68,2
71.20,21.12,93.12,11.12,91.12,90.60,3.68,62.80,2
58.16,19.63,95.63,9.63,94.45,84.08,6.63,59.08,1
53.44,18.69,94.69,8.69,93.03,81.72,5.69,56.72,1
52.56,18.51,94.51,8.51,92.77,81.28,5.51,56.28,1
54.32,18.86,94.86,8.86,93.30,82.16,5.86,57.16,1
98.08,28.08,87.60,18.04,85.12,102.60,0.00,80.20,4
92.00,25.20,91.60,16.00,89.60,99.00,1.60,73.00,3
58.88,19.78,95.78,9.78,94.66,84.44,6.78,59.44,1
55.20,19.04,95.04,9.04,93.56,82.60,6.04,57.60,1
53.36,18.67,94.67,8.67,93.01,81.68,5.67,56.68,1
79.04,21.90,93.90,11.90,91.90,94.52,4.86,64.76,2
58.24,19.65,95.65,9.65,94.47,84.12,6.65,59.12,1
46.20,16.48,96.72,4.96,95.48,64.80,7.48,51.20,0
67.04,20.70,92.70,10.70,90.70,88.52,3.06,61.76,2
47.04,16.82,97.22,5.63,95.82,68.16,7.82,52.04,0
73.76,21.38,93.38,11.38,91.38,91.88,4.06,63.44,2
57.04,19.41,95.41,9.41,94.11,83.52,6.41,58.52,1
72.48,21.25,93.25,11.25,91.25,91.24,3.87,63.12,2
52.80,18.56,94.56,8.56,92.84,81.40,5.56,56.40,1
57.28,19.46,95.46,9.46,94.18,83.64,6.46,58.64,1
96.38,26.38,85.48,17.19,82.58,100.48,0.00,75.96,4
88.40,24.24,91.12,14.80,89.12,97.80,1.12,70.60,3
98.30,28.30,87.88,18.15,85.46,102.88,0.00,80.76,4
46.68,16.67,97.01,5.34,95.67,66.72,7.67,51.68,0
45.96,16.38,96.58,4.77,95.38,63.84,7.38,50.96,0
48.64,17.46,98.18,6.91,96.46,74.56,8.46,53.64,0
67.36,20.74,92.74,10.74,90.74,88.68,3.10,61.84,2
88.76,24.34,91.17,14.92,89.17,97.92,1.17,70.84,3
46.36,16.54,96.82,5.09,95.54,65.44,7.54,51.36,0
45.44,16.18,96.26,4.35,95.18,61.76,7.18,50.44,0
48.84,17.54,98.30,7.07,96.54,75.36,8.54,53.84,0
80.00,22.00,94.00,12.00,92.00,95.00,5.00,65.00,2
96.64,26.64,85.80,17.32,82.96,100.80,0.00,76.60,4
45.32,16.13,96.19,4.26,95.13,61.28,7.13,50.32,0
67.68,20.77,92.77,10.77,90.77,88.84,3.15,61.92,2
99.55,29.55,89.44,18.78,87.33,104.44,0.00,83.88,4
58.32,19.66,95.66,9.66,94.50,84.16,6.66,59.16,1
52.08,18.42,94.42,8.42,92.62,81.04,5.42,56.04,1
56.56,19.31,95.31,9.31,93.97,83.28,6.31,58.28,1
82.28,22.61,90.30,12.76,88.30,95.76,0.30,66.52,3
45.48,16.19,96.29,4.38,95.19,61.92,7.19,50.48,0
48.72,17.49,98.23,6.98,96.49,74.88,8.49,53.72,0
93.08,25.49,91.74,16.36,89.74,99.36,1.74,73.72,3
87.44,23.98,90.99,14.48,88.99,97.48,0.99,69.96,3
47.40,16.96,97.44,5.92,95.96,69.60,7.96,52.40,0
77.76,21.78,93.78,11.78,91.78,93.88,4.66,64.44,2
65.28,20.53,92.53,10.53,90.53,87.64,2.79,61.32,2
61.76,20.18,92.18,10.18,90.18,85.88,2.26,60.44,2
59.36,19.87,95.87,9.87,94.81,84.68,6.87,59.68,1
97.09,27.09,86.36,17.54,83.63,101.36,0.00,77.72,4
47.20,16.88,97.32,5.76,95.88,68.80,7.88,52.20,0
55.68,19.14,95.14,9.14,93.70,82.84,6.14,57.84,1
80.12,22.03,90.02,12.04,88.02,95.04,0.02,65.08,3
96.77,26.77,85.96,17.38,83.15,100.96,0.00,76.92,4
61.12,20.11,92.11,10.11,90.11,85.56,2.17,60.28,2
50.00,18.00,94.00,8.00,92.00,80.00,5.00,55.00,1
97.41,27.41,86.76,17.70,84.11,101.76,0.00,78.52,4
45.52,16.21,96.31,4.42,95.21,62.08,7.21,50.52,0
91.40,25.04,91.52,15.80,89.52,98.80,1.52,72.60,3
97.06,27.06,86.32,17.53,83.58,101.32,0.00,77.64,4
57.44,19.49,95.49,9.49,94.23,83.72,6.49,58.72,1
90.44,24.78,91.39,15.48,89.39,98.48,1.39,71.96,3
46.76,16.70,97.06,5.41,95.70,67.04,7.70,51.76,0
45.84,16.34,96.50,4.67,95.34,63.36,7.34,50.84,0
88.64,24.30,91.15,14.88,89.15,97.88,1.15,70.76,3
98.05,28.05,87.56,18.02,85.07,102.56,0.00,80.12,4
83.12,22.83,90.42,13.04,88.42,96.04,0.42,67.08,3
56.64,19.33,95.33,9.33,93.99,83.32,6.33,58.32,1
98.18,28.18,87.72,18.09,85.26,102.72,0.00,80.44,4
93.44,25.58,91.79,16.48,89.79,99.48,1.79,73.96,3
84.44,23.18,90.59,13.48,88.59,96.48,0.59,67.96,3
98.43,28.43,88.04,18.22,85.65,103.04,0.00,81.08,4
80.96,22.26,90.13,12.32,88.13,95.32,0.13,65.64,3
49.08,17.63,98.45,7.26,96.63,76.32,8.63,54.08,0
86.96,23.86,90.93,14.32,88.93,97.32,0.93,69.64,3
79.36,21.94,93.94,11.94,91.94,94.68,4.90,64.84,2
81.20,22.32,90.16,12.40,88.16,95.40,0.16,65.80,3
83.96,23.06,90.53,13.32,88.53,96.32,0.53,67.64,3
51.36,18.27,94.27,8.27,92.41,80.68,5.27,55.68,1
97.25,27.25,86.56,17.62,83.87,101.56,0.00,78.12,4
60.16,20.02,92.02,10.02,90.02,85.08,2.02,60.04,2
82.76,22.74,90.37,12.92,88.37,95.92,0.37,66.84,3
51.12,18.22,94.22,8.22,92.34,80.56,5.22,55.56,1
92.96,25.46,91.73,16.32,89.73,99.32,1.73,73.64,3
74.88,21.49,93.49,11.49,91.49,92.44,4.23,63.72,2
83.48,22.93,90.46,13.16,88.46,96.16,0.46,67.32,3
97.63,27.63,87.04,17.82,84.45,102.04,0.00,79.08,4
69.44,20.94,92.94,10.94,90.94,89.72,3.42,62.36,2
99.87,29.87,89.84,18.94,87.81,104.84,0.00,84.68,4
81.92,22.51,90.26,12.64,88.26,95.64,0.26,66.28,3
73.12,21.31,93.31,11.31,91.31,91.56,3.97,63.28,2
48.88,17.55,98.33,7.10,96.55,75.52,8.55,53.88,0
47.12,16.85,97.27,5.70,95.85,68.48,7.85,52.12,0
56.16,19.23,95.23,9.23,93.85,83.08,6.23,58.08,1
77.44,21.74,93.74,11.74,91.74,93.72,4.62,64.36,2
84.80,23.28,90.64,13.60,88.64,96.60,0.64,68.20,3
74.40,21.44,93.44,11.44,91.44,92.20,4.16,63.60,2
77.92,21.79,93.79,11.79,91.79,93.96,4.69,64.48,2
98.85,28.85,88.56,18.42,86.27,103.56,0.00,82.12,4
99.04,29.04,88.80,18.52,86.56,103.80,0.00,82.60,4
58.56,19.71,95.71,9.71,94.57,84.28,6.71,59.28,1
46.64,16.66,96.98,5.31,95.66,66.56,7.66,51.64,0
98.66,28.66,88.32,18.33,85.98,103.32,0.00,81.64,4
51.92,18.38,94.38,8.38,92.58,80.96,5.38,55.96,1
70.08,21.01,93.01,11.01,91.01,90.04,3.51,62.52,2
89.48,24.53,91.26,15.16,89.26,98.16,1.26,71.32,3
96.93,26.93,86.16,17.46,83.39,101.16,0.00,77.32,4
89.36,24.50,91.25,15.12,89.25,98.12,1.25,71.24,3
94.28,25.81,91.90,16.76,89.90,99.76,1.90,74.52,3
83.36,22.90,90.45,13.12,88.45,96.12,0.45,67.24,3
45.36,16.14,96.22,4.29,95.14,61.44,7.14,50.36,0
94.88,25.97,91.98,16.96,89.98,99.96,1.98,74.92,3
47.24,16.90,97.34,5.79,95.90,68.96,7.90,52.24,0
54.56,18.91,94.91,8.91,93.37,82.28,5.91,57.28,1
89.84,24.62,91.31,15.28,89.31,98.28,1.31,71.56,3
89.00,24.40,91.20,15.00,89.20,98.00,1.20,71.00,3
88.28,24.21,91.10,14.76,89.10,97.76,1.10,70.52,3
64.32,20.43,92.43,10.43,90.43,87.16,2.65,61.08,2
96.48,26.48,85.60,17.24,82.72,100.60,0.00,76.20,4
48.24,17.30,97.94,6.59,96.30,72.96,8.30,53.24,0
97.34,27.34,86.68,17.67,84.02,101.68,0.00,78.36,4
45.88,16.35,96.53,4.70,95.35,63.52,7.35,50.88,0
98.37,28.37,87.96,18.18,85.55,102.96,0.00,80.92,4
49.68,17.87,98.81,7.74,96.87,78.72,8.87,54.68,0
69.12,20.91,92.91,10.91,90.91,89.56,3.37,62.28,2
59.52,19.90,95.90,9.90,94.86,84.76,6.90,59.76,1
76.48,21.65,93.65,11.65,91.65,93.24,4.47,64.12,2
53.12,18.62,94.62,8.62,92.94,81.56,5.62,56.56,1
86.36,23.70,90.85,14.12,88.85,97.12,0.85,69.24,3
49.36,17.74,98.62,7.49,96.74,77.44,8.74,54.36,0
46.00,16.40,96.60,4.80,95.40,64.00,7.40,51.00,0
91.76,25.14,91.57,15.92,89.57,98.92,1.57,72.84,3
65.92,20.59,92.59,10.59,90.59,87.96,2.89,61.48,2
62.56,20.26,92.26,10.26,90.26,86.28,2.38,60.64,2
96.70,26.70,85.88,17.35,83.06,100.88,0.00,76.76,4
72.32,21.23,93.23,11.23,91.23,91.16,3.85,63.08,2
90.92,24.91,91.46,15.64,89.46,98.64,1.46,72.28,3
48.80,17.52,98.28,7.04,96.52,75.20,8.52,53.80,0
85.04,23.34,90.67,13.68,88.67,96.68,0.67,68.36,3
71.04,21.10,93.10,11.10,91.10,90.52,3.66,62.76,2
55.92,19.18,95.18,9.18,93.78,82.96,6.18,57.96,1
45.56,16.22,96.34,4.45,95.22,62.24,7.22,50.56,0
56.80,19.36,95.36,9.36,94.04,83.40,6.36,58.40,1
49.80,17.92,98.88,7.84,96.92,79.20,8.92,54.80,0
95.00,26.00,92.00,17.00,90.00,100.00,2.00,75.00,3
87.20,23.92,90.96,14.40,88.96,97.40,0.96,69.80,3
82.52,22.67,90.34,12.84,88.34,95.84,0.34,66.68,3
48.00,17.20,97.80,6.40,96.20,72.00,8.20,53.00,0
91.16,24.98,91.49,15.72,89.49,98.72,1.49,72.44,3
96.03,26.03,85.04,17.02,82.05,100.04,0.00,75.08,4
71.52,21.15,93.15,11.15,91.15,90.76,3.73,62.88,2
96.06,26.06,85.08,17.03,82.10,100.08,0.00,75.16,4
89.60,24.56,91.28,15.20,89.28,98.20,1.28,71.40,3
99.68,29.68,89.60,18.84,87.52,104.60,0.00,84.20,4
57.60,19.52,95.52,9.52,94.28,83.80,6.52,58.80,1
70.72,21.07,93.07,11.07,91.07,90.36,3.61,62.68,2
49.40,17.76,98.64,7.52,96.76,77.60,8.76,54.40,0
74.08,21.41,93.41,11.41,91.41,92.04,4.11,63.52,2
96.99,26.99,86.24,17.50,83.49,101.24,0.00,77.48,4
49.20,17.68,98.52,7.36,96.68,76.80,8.68,54.20,0
51.04,18.21,94.21,8.21,92.31,80.52,5.21,55.52,1
84.68,23.25,90.62,13.56,88.62,96.56,0.62,68.12,3
98.46,28.46,88.08,18.23,85.70,103.08,0.00,81.16,4
46.24,16.50,96.74,4.99,95.50,64.96,7.50,51.24,0
50.72,18.14,94.14,8.14,92.22,80.36,5.14,55.36,1
47.52,17.01,97.51,6.02,96.01,70.08,8.01,52.52,0
47.08,16.83,97.25,5.66,95.83,68.32,7.83,52.08,0
89.12,24.43,91.22,15.04,89.22,98.04,1.22,71.08,3
45.60,16.24,96.36,4.48,95.24,62.40,7.24,50.60,0
45.68,16.27,96.41,4.54,95.27,62.72,7.27,50.68,0
64.16,20.42,92.42,10.42,90.42,87.08,2.62,61.04,2
92.12,25.23,91.62,16.04,89.62,99.04,1.62,73.08,3
72.64,21.26,93.26,11.26,91.26,91.32,3.90,63.16,2
97.28,27.28,86.60,17.64,83.92,101.60,0.00,78.20,4
49.56,17.82,98.74,7.65,96.82,78.24,8.82,54.56,0
59.44,19.89,95.89,9.89,94.83,84.72,6.89,59.72,1
92.36,25.30,91.65,16.12,89.65,99.12,1.65,73.24,3
97.44,27.44,86.80,17.72,84.16,101.80,0.00,78.60,4
80.72,22.19,90.10,12.24,88.10,95.24,0.10,65.48,3
99.94,29.94,89.92,18.97,87.90,104.92,0.00,84.84,4
99.17,29.17,88.96,18.58,86.75,103.96,0.00,82.92,4
85.16,23.38,90.69,13.72,88.69,96.72,0.69,68.44,3
97.70,27.70,87.12,17.85,84.54,102.12,0.00,79.24,4
75.84,21.58,93.58,11.58,91.58,92.92,4.38,63.96,2
45.00,16.00,96.00,4.00,95.00,60.00,7.00,50.00,0
98.50,28.50,88.12,18.25,85.74,103.12,0.00,81.24,4
64.00,20.40,92.40,10.40,90.40,87.00,2.60,61.00,2
81.32,22.35,90.18,12.44,88.18,95.44,0.18,65.88,3
75.52,21.55,93.55,11.55,91.55,92.76,4.33,63.88,2
52.00,18.40,94.40,8.40,92.60,81.00,5.40,56.00,1
66.40,20.64,92.64,10.64,90.64,88.20,2.96,61.60,2
71.84,21.18,93.18,11.18,91.18,90.92,3.78,62.96,2
99.07,29.07,88.84,18.54,86.61,103.84,0.00,82.68,4
49.24,17.70,98.54,7.39,96.70,76.96,8.70,54.24,0
86.48,23.73,90.86,14.16,88.86,97.16,0.86,69.32,3
46.04,16.42,96.62,4.83,95.42,64.16,7.42,51.04,0
58.96,19.79,95.79,9.79,94.69,84.48,6.79,59.48,1
92.24,25.26,91.63,16.08,89.63,99.08,1.63,73.16,3
97.47,27.47,86.84,17.74,84.21,101.84,0.00,78.68,4
93.92,25.71,91.86,16.64,89.86,99.64,1.86,74.28,3
67.84,20.78,92.78,10.78,90.78,88.92,3.18,61.96,2
46.28,16.51,96.77,5.02,95.51,65.12,7.51,51.28,0
90.20,24.72,91.36,15.40,89.36,98.40,1.36,71.80,3
50.40,18.08,94.08,8.08,92.12,80.20,5.08,55.20,1
70.88,21.09,93.09,11.09,91.09,90.44,3.63,62.72,2
97.79,27.79,87.24,17.90,84.69,102.24,0.00,79.48,4
47.96,17.18,97.78,6.37,96.18,71.84,8.18,52.96,0
56.24,19.25,95.25,9.25,93.87,83.12,6.25,58.12,1
96.16,26.16,85.20,17.08,82.24,100.20,0.00,75.40,4
55.12,19.02,95.02,9.02,93.54,82.56,6.02,57.56,1
61.92,20.19,92.19,10.19,90.19,85.96,2.29,60.48,2
48.08,17.23,97.85,6.46,96.23,72.32,8.23,53.08,0
84.32,23.15,90.58,13.44,88.58,96.44,0.58,67.88,3
47.32,16.93,97.39,5.86,95.93,69.28,7.93,52.32,0
53.04,18.61,94.61,8.61,92.91,81.52,5.61,56.52,1
57.12,19.42,95.42,9.42,94.14,83.56,6.42,58.56,1
84.92,23.31,90.66,13.64,88.66,96.64,0.66,68.28,3
55.04,19.01,95.01,9.01,93.51,82.52,6.01,57.52,1
99.97,29.97,89.96,18.98,87.95,104.96,0.00,84.92,4
57.92,19.58,95.58,9.58,94.38,83.96,6.58,58.96,1
96.90,26.90,86.12,17.45,83.34,101.12,0.00,77.24,4
50.80,18.16,94.16,8.16,92.24,80.40,5.16,55.40,1
98.56,28.56,88.20,18.28,85.84,103.20,0.00,81.40,4
51.84,18.37,94.37,8.37,92.55,80.92,5.37,55.92,1
49.72,17.89,98.83,7.78,96.89,78.88,8.89,54.72,0
83.84,23.02,90.51,13.28,88.51,96.28,0.51,67.56,3
86.84,23.82,90.91,14.28,88.91,97.28,0.91,69.56,3
85.40,23.44,90.72,13.80,88.72,96.80,0.72,68.60,3
80.36,22.10,90.05,12.12,88.05,95.12,0.05,65.24,3
85.64,23.50,90.75,13.88,88.75,96.88,0.75,68.76,3
96.51,26.51,85.64,17.26,82.77,100.64,0.00,76.28,4
78.72,21.87,93.87,11.87,91.87,94.36,4.81,64.68,2
62.72,20.27,92.27,10.27,90.27,86.36,2.41,60.68,2
84.20,23.12,90.56,13.40,88.56,96.40,0.56,67.80,3
56.40,19.28,95.28,9.28,93.92,83.20,6.28,58.20,1
83.24,22.86,90.43,13.08,88.43,96.08,0.43,67.16,3
90.68,24.85,91.42,15.56,89.42,98.56,1.42,72.12,3
76.16,21.62,93.62,11.62,91.62,93.08,4.42,64.04,2
48.20,17.28,97.92,6.56,96.28,72.80,8.28,53.20,0
97.86,27.86,87.32,17.93,84.78,102.32,0.00,79.64,4
98.69,28.69,88.36,18.34,86.03,103.36,0.00,81.72,4
52.24,18.45,94.45,8.45,92.67,81.12,5.45,56.12,1
50.16,18.03,94.03,8.03,92.05,80.08,5.03,55.08,1
45.72,16.29,96.43,4.58,95.29,62.88,7.29,50.72,0
59.12,19.82,95.82,9.82,94.74,84.56,6.82,59.56,1
97.15,27.15,86.44,17.58,83.73,101.44,0.00,77.88,4
81.80,22.48,90.24,12.60,88.24,95.60,0.24,66.20,3
49.88,17.95,98.93,7.90,96.95,79.52,8.95,54.88,0
52.16,18.43,94.43,8.43,92.65,81.08,5.43,56.08,1
98.62,28.62,88.28,18.31,85.94,103.28,0.00,81.56,4
98.40,28.40,88.00,18.20,85.60,103.00,0.00,81.00,4
47.84,17.14,97.70,6.27,96.14,71.36,8.14,52.84,0
48.52,17.41,98.11,6.82,96.41,74.08,8.41,53.52,0
56.00,19.20,95.20,9.20,93.80,83.00,6.20,58.00,1
58.72,19.74,95.74,9.74,94.62,84.36,6.74,59.36,1
48.04,17.22,97.82,6.43,96.22,72.16,8.22,53.04,0
99.74,29.74,89.68,18.87,87.62,104.68,0.00,84.36,4
47.36,16.94,97.42,5.89,95.94,69.44,7.94,52.36,0
97.82,27.82,87.28,17.91,84.74,102.28,0.00,79.56,4
66.56,20.66,92.66,10.66,90.66,88.28,2.98,61.64,2
49.84,17.94,98.90,7.87,96.94,79.36,8.94,54.84,0
72.16,21.22,93.22,11.22,91.22,91.08,3.82,63.04,2
84.08,23.09,90.54,13.36,88.54,96.36,0.54,67.72,3
72.80,21.28,93.28,11.28,91.28,91.40,3.92,63.20,2
77.12,21.71,93.71,11.71,91.71,93.56,4.57,64.28,2
99.46,29.46,89.32,18.73,87.18,104.32,0.00,83.64,4
88.16,24.18,91.09,14.72,89.09,97.72,1.09,70.44,3
52.88,18.58,94.58,8.58,92.86,81.44,5.58,56.44,1
97.89,27.89,87.36,17.94,84.83,102.36,0.00,79.72,4
54.08,18.82,94.82,8.82,93.22,82.04,5.82,57.04,1
57.36,19.47,95.47,9.47,94.21,83.68,6.47,58.68,1
51.20,18.24,94.24,8.24,92.36,80.60,5.24,55.60,1
63.36,20.34,92.34,10.34,90.34,86.68,2.50,60.84,2
97.98,27.98,87.48,17.99,84.98,102.48,0.00,79.96,4
98.75,28.75,88.44,18.38,86.13,103.44,0.00,81.88,4
82.40,22.64,90.32,12.80,88.32,95.80,0.32,66.60,3
66.24,20.62,92.62,10.62,90.62,88.12,2.94,61.56,2
49.76,17.90,98.86,7.81,96.90,79.04,8.90,54.76,0
59.84,19.97,95.97,9.97,94.95,84.92,6.97,59.92,1
87.92,24.11,91.06,14.64,89.06,97.64,1.06,70.28,3
52.48,18.50,94.50,8.50,92.74,81.24,5.50,56.24,1
87.32,23.95,90.98,14.44,88.98,97.44,0.98,69.88,3
55.44,19.09,95.09,9.09,93.63,82.72,6.09,57.72,1
52.96,18.59,94.59,8.59,92.89,81.48,5.59,56.48,1
54.24,18.85,94.85,8.85,93.27,82.12,5.85,57.12,1
53.76,18.75,94.75,8.75,93.13,81.88,5.75,56.88,1
99.58,29.58,89.48,18.79,87.38,104.48,0.00,83.96,4
78.88,21.89,93.89,11.89,91.89,94.44,4.83,64.72,2
97.95,27.95,87.44,17.98,84.93,102.44,0.00,79.88,4
57.52,19.50,95.50,9.50,94.26,83.76,6.50,58.76,1
99.71,29.71,89.64,18.86,87.57,104.64,0.00,84.28,4
60.80,20.08,92.08,10.08,90.08,85.40,2.12,60.20,2
69.92,20.99,92.99,10.99,90.99,89.96,3.49,62.48,2
51.52,18.30,94.30,8.30,92.46,80.76,5.30,55.76,1
91.28,25.01,91.50,15.76,89.50,98.76,1.50,72.52,3
86.12,23.63,90.82,14.04,88.82,97.04,0.82,69.08,3
76.32,21.63,93.63,11.63,91.63,93.16,4.45,64.08,2
56.32,19.26,95.26,9.26,93.90,83.16,6.26,58.16,1
45.40,16.16,96.24,4.32,95.16,61.60,7.16,50.40,0
48.92,17.57,98.35,7.14,96.57,75.68,8.57,53.92,0
94.16,25.78,91.89,16.72,89.89,99.72,1.89,74.44,3
51.76,18.35,94.35,8.35,92.53,80.88,5.35,55.88,1
45.92,16.37,96.55,4.74,95.37,63.68,7.37,50.92,0
91.04,24.94,91.47,15.68,89.47,98.68,1.47,72.36,3
54.80,18.96,94.96,8.96,93.44,82.40,5.96,57.40,1
49.96,17.98,98.98,7.97,96.98,79.84,8.98,54.96,0
51.28,18.26,94.26,8.26,92.38,80.64,5.26,55.64,1
99.36,29.36,89.20,18.68,87.04,104.20,0.00,83.40,4
47.76,17.10,97.66,6.21,96.10,71.04,8.10,52.76,0
46.96,16.78,97.18,5.57,95.78,67.84,7.78,51.96,0
92.60,25.36,91.68,16.20,89.68,99.20,1.68,73.40,3
68.16,20.82,92.82,10.82,90.82,89.08,3.22,62.04,2
61.28,20.13,92.13,10.13,90.13,85.64,2.19,60.32,2
96.83,26.83,86.04,17.42,83.25,101.04,0.00,77.08,4
52.72,18.54,94.54,8.54,92.82,81.36,5.54,56.36,1
82.16,22.58,90.29,12.72,88.29,95.72,0.29,66.44,3
63.04,20.30,92.30,10.30,90.30,86.52,2.46,60.76,2
99.23,29.23,89.04,18.62,86.85,104.04,0.00,83.08,4
63.84,20.38,92.38,10.38,90.38,86.92,2.58,60.96,2
99.42,29.42,89.28,18.71,87.14,104.28,0.00,83.56,4
60.64,20.06,92.06,10.06,90.06,85.32,2.10,60.16,2
59.20,19.84,95.84,9.84,94.76,84.60,6.84,59.60,1
89.72,24.59,91.30,15.24,89.30,98.24,1.30,71.48,3
46.56,16.62,96.94,5.25,95.62,66.24,7.62,51.56,0
50.08,18.02,94.02,8.02,92.02,80.04,5.02,55.04,1
49.16,17.66,98.50,7.33,96.66,76.64,8.66,54.16,0
46.88,16.75,97.13,5.50,95.75,67.52,7.75,51.88,0
83.72,22.99,90.50,13.24,88.50,96.24,0.50,67.48,3
63.52,20.35,92.35,10.35,90.35,86.76,2.53,60.88,2
96.13,26.13,85.16,17.06,82.19,100.16,0.00,75.32,4
80.48,22.13,90.06,12.16,88.06,95.16,0.06,65.32,3
45.80,16.32,96.48,4.64,95.32,63.20,7.32,50.80,0
47.16,16.86,97.30,5.73,95.86,68.64,7.86,52.16,0
99.26,29.26,89.08,18.63,86.90,104.08,0.00,83.16,4
60.32,20.03,92.03,10.03,90.03,85.16,2.05,60.08,2
96.22,26.22,85.28,17.11,82.34,100.28,0.00,75.56,4
99.01,29.01,88.76,18.50,86.51,103.76,0.00,82.52,4
50.88,18.18,94.18,8.18,92.26,80.44,5.18,55.44,1
78.24,21.82,93.82,11.82,91.82,94.12,4.74,64.56,2
89.24,24.46,91.23,15.08,89.23,98.08,1.23,71.16,3
47.92,17.17,97.75,6.34,96.17,71.68,8.17,52.92,0
51.68,18.34,94.34,8.34,92.50,80.84,5.34,55.84,1
46.48,16.59,96.89,5.18,95.59,65.92,7.59,51.48,0
82.04,22.54,90.27,12.68,88.27,95.68,0.27,66.36,3
49.64,17.86,98.78,7.71,96.86,78.56,8.86,54.64,0
46.72,16.69,97.03,5.38,95.69,66.88,7.69,51.72,0
67.52,20.75,92.75,10.75,90.75,88.76,3.13,61.88,2
53.28,18.66,94.66,8.66,92.98,81.64,5.66,56.64,1
45.76,16.30,96.46,4.61,95.30,63.04,7.30,50.76,0
46.40,16.56,96.84,5.12,95.56,65.60,7.56,51.40,0
99.52,29.52,89.40,18.76,87.28,104.40,0.00,83.80,4
46.44,16.58,96.86,5.15,95.58,65.76,7.58,51.44,0
99.20,29.20,89.00,18.60,86.80,104.00,0.00,83.00,4
53.84,18.77,94.77,8.77,93.15,81.92,5.77,56.92,1
79.52,21.95,93.95,11.95,91.95,94.76,4.93,64.88,2
96.54,26.54,85.68,17.27,82.82,100.68,0.00,76.36,4
80.60,22.16,90.08,12.20,88.08,95.20,0.08,65.40,3
79.68,21.97,93.97,11.97,91.97,94.84,4.95,64.92,2
98.94,28.94,88.68,18.47,86.42,103.68,0.00,82.36,4
47.60,17.04,97.56,6.08,96.04,70.40,8.04,52.60,0
81.68,22.45,90.22,12.56,88.22,95.56,0.22,66.12,3
59.92,19.98,95.98,9.98,94.98,84.96,6.98,59.96,1
48.96,17.58,98.38,7.17,96.58,75.84,8.58,53.96,0
48.16,17.26,97.90,6.53,96.26,72.64,8.26,53.16,0
58.40,19.68,95.68,9.68,94.52,84.20,6.68,59.20,1
97.73,27.73,87.16,17.86,84.59,102.16,0.00,79.32,4
70.24,21.02,93.02,11.02,91.02,90.12,3.54,62.56,2
85.28,23.41,90.70,13.76,88.70,96.76,0.70,68.52,3
46.32,16.53,96.79,5.06,95.53,65.28,7.53,51.32,0
54.48,18.90,94.90,8.90,93.34,82.24,5.90,57.24,1
87.68,24.05,91.02,14.56,89.02,97.56,1.02,70.12,3
99.30,29.30,89.12,18.65,86.94,104.12,0.00,83.24,4
80.24,22.06,90.03,12.08,88.03,95.08,0.03,65.16,3
98.82,28.82,88.52,18.41,86.22,103.52,0.00,82.04,4
64.48,20.45,92.45,10.45,90.45,87.24,2.67,61.12,2
99.65,29.65,89.56,18.82,87.47,104.56,0.00,84.12,4
64.96,20.50,92.50,10.50,90.50,87.48,2.74,61.24,2
82.64,22.70,90.35,12.88,88.35,95.88,0.35,66.76,3
46.52,16.61,96.91,5.22,95.61,66.08,7.61,51.52,0
91.88,25.17,91.58,15.96,89.58,98.96,1.58,72.92,3
64.80,20.48,92.48,10.48,90.48,87.40,2.72,61.20,2
49.04,17.62,98.42,7.23,96.62,76.16,8.62,54.04,0
75.04,21.50,93.50,11.50,91.50,92.52,4.26,63.76,2
87.08,23.89,90.94,14.36,88.94,97.36,0.94,69.72,3
76.64,21.66,93.66,11.66,91.66,93.32,4.50,64.16,2
85.88,23.57,90.78,13.96,88.78,96.96,0.78,68.92,3
99.49,29.49,89.36,18.74,87.23,104.36,0.00,83.72,4
51.44,18.29,94.29,8.29,92.43,80.72,5.29,55.72,1
58.00,19.60,95.60,9.60,94.40,84.00,6.60,59.00,1
49.48,17.79,98.69,7.58,96.79,77.92,8.79,54.48,0
70.40,21.04,93.04,11.04,91.04,90.20,3.56,62.60,2
72.96,21.30,93.30,11.30,91.30,91.48,3.94,63.24,2
94.40,25.84,91.92,16.80,89.92,99.80,1.92,74.60,3
54.72,18.94,94.94,8.94,93.42,82.36,5.94,57.36,1
80.84,22.22,90.11,12.28,88.11,95.28,0.11,65.56,3
94.64,25.90,91.95,16.88,89.95,99.88,1.95,74.76,3
91.52,25.07,91.54,15.84,89.54,98.84,1.54,72.68,3
97.60,27.60,87.00,17.80,84.40,102.00,0.00,79.00,4
99.84,29.84,89.80,18.92,87.76,104.80,0.00,84.60,4
85.52,23.47,90.74,13.84,88.74,96.84,0.74,68.68,3
54.16,18.83,94.83,8.83,93.25,82.08,5.83,57.08,1
55.36,19.07,95.07,9.07,93.61,82.68,6.07,57.68,1
46.16,16.46,96.70,4.93,95.46,64.64,7.46,51.16,0
96.42,26.42,85.52,17.21,82.62,100.52,0.00,76.04,4
86.00,23.60,90.80,14.00,88.80,97.00,0.80,69.00,3
79.84,21.98,93.98,11.98,91.98,94.92,4.98,64.96,2
90.80,24.88,91.44,15.60,89.44,98.60,1.44,72.20,3
96.35,26.35,85.44,17.18,82.53,100.44,0.00,75.88,4
55.60,19.12,95.12,9.12,93.68,82.80,6.12,57.80,1
72.00,21.20,93.20,11.20,91.20,91.00,3.80,63.00,2
84.56,23.22,90.61,13.52,88.61,96.52,0.61,68.04,3
59.76,19.95,95.95,9.95,94.93,84.88,6.95,59.88,1
83.00,22.80,90.40,13.00,88.40,96.00,0.40,67.00,3
74.24,21.42,93.42,11.42,91.42,92.12,4.14,63.56,2
45.24,16.10,96.14,4.19,95.10,60.96,7.10,50.24,0
49.44,17.78,98.66,7.55,96.78,77.76,8.78,54.44,0
66.72,20.67,92.67,10.67,90.67,88.36,3.01,61.68,2
54.00,18.80,94.80,8.80,93.20,82.00,5.80,57.00,1
94.52,25.87,91.94,16.84,89.94,99.84,1.94,74.68,3
47.56,17.02,97.54,6.05,96.02,70.24,8.02,52.56,0
47.64,17.06,97.58,6.11,96.06,70.56,8.06,52.64,0
47.48,16.99,97.49,5.98,95.99,69.92,7.99,52.48,0
97.12,27.12,86.40,17.56,83.68,101.40,0.00,77.80,4
69.28,20.93,92.93,10.93,90.93,89.64,3.39,62.32,2
98.98,28.98,88.72,18.49,86.46,103.72,0.00,82.44,4
45.64,16.26,96.38,4.51,95.26,62.56,7.26,50.64,0
99.10,29.10,88.88,18.55,86.66,103.88,0.00,82.76,4
99.33,29.33,89.16,18.66,86.99,104.16,0.00,83.32,4
93.56,25.62,91.81,16.52,89.81,99.52,1.81,74.04,3
57.76,19.55,95.55,9.55,94.33,83.88,6.55,58.88,1
56.96,19.39,95.39,9.39,94.09,83.48,6.39,58.48,1
55.84,19.17,95.17,9.17,93.75,82.92,6.17,57.92,1
48.32,17.33,97.99,6.66,96.33,73.28,8.33,53.32,0
94.04,25.74,91.87,16.68,89.87,99.68,1.87,74.36,3
97.76,27.76,87.20,17.88,84.64,102.20,0.00,79.40,4
67.20,20.72,92.72,10.72,90.72,88.60,3.08,61.80,2
57.84,19.57,95.57,9.57,94.35,83.92,6.57,58.92,1
54.64,18.93,94.93,8.93,93.39,82.32,5.93,57.32,1
93.68,25.65,91.82,16.56,89.82,99.56,1.82,74.12,3
98.59,28.59,88.24,18.30,85.89,103.24,0.00,81.48,4
88.88,24.37,91.18,14.96,89.18,97.96,1.18,70.92,3
73.60,21.36,93.36,11.36,91.36,91.80,4.04,63.40,2
62.40,20.24,92.24,10.24,90.24,86.20,2.36,60.60,2
82.88,22.77,90.38,12.96,88.38,95.96,0.38,66.92,3
59.04,19.81,95.81,9.81,94.71,84.52,6.81,59.52,1
71.68,21.17,93.17,11.17,91.17,90.84,3.75,62.92,2
48.40,17.36,98.04,6.72,96.36,73.60,8.36,53.40,0
46.08,16.43,96.65,4.86,95.43,64.32,7.43,51.08,0
97.02,27.02,86.28,17.51,83.54,101.28,0.00,77.56,4
53.20,18.64,94.64,8.64,92.96,81.60,5.64,56.60,1
65.44,20.54,92.54,10.54,90.54,87.72,2.82,61.36,2
98.14,28.14,87.68,18.07,85.22,102.68,0.00,80.36,4
58.80,19.76,95.76,9.76,94.64,84.40,6.76,59.40,1
69.60,20.96,92.96,10.96,90.96,89.80,3.44,62.40,2
48.44,17.38,98.06,6.75,96.38,73.76,8.38,53.44,0
97.50,27.50,86.88,17.75,84.26,101.88,0.00,78.76,4
58.64,19.73,95.73,9.73,94.59,84.32,6.73,59.32,1
73.92,21.39,93.39,11.39,91.39,91.96,4.09,63.48,2
